{
  "metrics": {
    "accuracy": 0.5844504021447721,
    "f1_macro": 0.5793726699538226,
    "f1_weighted": 0.5797112131897935,
    "num_test_samples": 373
  },
  "classification_report": {
    "Angry": {
      "precision": 0.7123287671232876,
      "recall": 0.8125,
      "f1-score": 0.7591240875912408,
      "support": 64.0
    },
    "Disgust": {
      "precision": 0.4925373134328358,
      "recall": 0.5238095238095238,
      "f1-score": 0.5076923076923077,
      "support": 63.0
    },
    "Fear": {
      "precision": 0.5454545454545454,
      "recall": 0.375,
      "f1-score": 0.4444444444444444,
      "support": 64.0
    },
    "Happy": {
      "precision": 0.6666666666666666,
      "recall": 0.59375,
      "f1-score": 0.628099173553719,
      "support": 64.0
    },
    "Neutral": {
      "precision": 0.5409836065573771,
      "recall": 0.6111111111111112,
      "f1-score": 0.5739130434782609,
      "support": 54.0
    },
    "Sad": {
      "precision": 0.5352112676056338,
      "recall": 0.59375,
      "f1-score": 0.562962962962963,
      "support": 64.0
    },
    "accuracy": 0.5844504021447721,
    "macro avg": {
      "precision": 0.5821970278067243,
      "recall": 0.5849867724867724,
      "f1-score": 0.5793726699538226,
      "support": 373.0
    },
    "weighted avg": {
      "precision": 0.5835423198358595,
      "recall": 0.5844504021447721,
      "f1-score": 0.5797112131897935,
      "support": 373.0
    }
  }
}